"","deg","clo","bet","eig"
"Alice",4,NA,0,1
"Bob",3,1,0,0.898966325965906
"Cecil",2,0.5,0,0.707106781186548
"David",2,0.5,0,0.707106781186547
"Esmeralda",1,1,0,0.372364044331791
